{"val_loss": [2.3009948410987855, 2.3009908857345582, 2.301073344707489, 2.301038866519928, 2.301163426399231, 2.3010571017265318, 2.30101554441452], "val_categorical_accuracy": [0.11350000263750554, 0.11350000263750554, 0.11350000263750554, 0.11350000263750554, 0.11350000263750554, 0.11350000263750554, 0.11350000263750554], "loss": [2.3015743562698363, 2.3012203303813936, 2.301211878967285, 2.3012093786239625, 2.3011918922901153, 2.301233437204361, 2.301219774103165], "categorical_accuracy": [0.11286000363826752, 0.11356000368520618, 0.11356000370681286, 0.1135600036688149, 0.11356000363230705, 0.11356000367999076, 0.11356000368222595]}