{"val_loss": [2.2484231872558595, 1.9886398916244508, 1.6431654273986815, 1.3488707166671754, 1.2339892694473267, 1.1346545333862306, 1.0934372465133666, 1.1122552043914795, 1.0698519627571106, 1.0305942659378051, 1.0091399908065797, 1.0318715250968933, 1.0789305883407592, 0.9635656183242798, 0.9785248672485352, 0.9778539651870728, 0.8714941227912902, 0.8971087685585022, 0.9205626086235046, 0.8934259767532349, 0.8158951090812683, 0.7990220322608947, 0.7937646039962769, 0.8213958217620849, 0.906797640323639, 0.7833020932197571, 0.7812510013580323, 0.7619248866081237, 0.7361048352241516, 0.7816411078453064, 0.7239709468841553, 0.790170649433136, 0.7151275506019592, 0.780045252609253, 0.7230515700340271, 0.7524684567451477, 0.686904715013504, 0.7197461365699768, 0.726756907749176, 0.6420009119987488, 0.6998050374984741, 0.6164634970664978, 0.6815875981807709, 0.6355536812782288, 0.626278517627716, 0.6286746621131897, 0.613199458026886, 0.6148098412036895, 0.6311714269638061, 0.6320334184646607, 0.6244751885890961, 0.6587005828857422], "val_categorical_accuracy": [0.1209, 0.3866, 0.3713, 0.534, 0.5733, 0.6335, 0.6527, 0.607, 0.6374, 0.6405, 0.6906, 0.6387, 0.612, 0.6802, 0.6728, 0.6741, 0.6998, 0.7152, 0.6806, 0.6864, 0.735, 0.7431, 0.7336, 0.7261, 0.6894, 0.7334, 0.7407, 0.7411, 0.7741, 0.7243, 0.7539, 0.7167, 0.7643, 0.7384, 0.7632, 0.7553, 0.7733, 0.7556, 0.7525, 0.7935, 0.7677, 0.7941, 0.7684, 0.7994, 0.7914, 0.7943, 0.8063, 0.7954, 0.8002, 0.787, 0.797, 0.755], "loss": [2.292982304096222, 2.152636396884918, 1.884846642613411, 1.6096379280090332, 1.4936251401901246, 1.4504595011472703, 1.340706366300583, 1.3833316758275032, 1.3209979832172394, 1.222986452281475, 1.252811573445797, 1.2437583059072495, 1.1848786115646361, 1.2662496998906136, 1.199823485314846, 1.2001902922987937, 1.103924411535263, 1.1424678981304168, 1.1435559287667274, 1.0624449953436852, 1.0735691502690314, 0.9975154176354408, 0.9889725774526597, 1.0968521058559417, 0.9972248554229737, 0.9936750620603562, 0.9864846542477608, 0.9495050564408303, 0.9516760721802712, 0.9181270256638527, 1.0141941130161285, 0.8952568039298058, 0.9703352361917496, 0.9274331822991371, 0.887370502948761, 0.9302780330181122, 0.9476761773228646, 0.9154606088995934, 0.9157768487930298, 0.8649085938930512, 0.8778298109769821, 0.883163432776928, 0.9179269254207612, 0.8579586029052735, 0.8386284038424492, 0.8472699090838433, 0.828267677128315, 0.7884944297373295, 0.8987506195902825, 0.9119744211435318, 0.8961115069687366, 0.7995034247636795], "categorical_accuracy": [0.11171875, 0.2046875, 0.3359375, 0.45, 0.46640625, 0.484375, 0.5171875, 0.50703125, 0.5390625, 0.5484375, 0.546875, 0.540625, 0.5734375, 0.5421875, 0.58984375, 0.565625, 0.58828125, 0.584375, 0.60703125, 0.6203125, 0.61015625, 0.63203125, 0.6515625, 0.60703125, 0.65625, 0.6625, 0.6375, 0.68515625, 0.66171875, 0.68828125, 0.66171875, 0.68515625, 0.6515625, 0.68203125, 0.68515625, 0.68046875, 0.66328125, 0.66171875, 0.684375, 0.68125, 0.6890625, 0.68515625, 0.68515625, 0.7, 0.69921875, 0.72109375, 0.7015625, 0.7328125, 0.68515625, 0.678125, 0.6984375, 0.72734375]}