{"val_loss": [1.9617290452957152, 1.3331208000183106, 1.106775541114807, 1.1744910480499267, 1.0071333490371703, 0.9467924154281616, 0.9633855734825134, 0.9145499382019043, 0.8856229571342469, 0.8106657033920288, 0.7841722403526307, 0.7463068538665771, 0.7574943841934204, 0.6979644019603729, 0.7175320520401001, 0.6806460690975189, 0.6781626467227936, 0.647274802684784, 0.6648081358909607, 0.6543014336585998, 0.6080599897861481, 0.6134515470027924, 0.6328233756542205, 0.6288373499393464, 0.5884356156826019, 0.5860174787521363, 0.6050652138710022, 0.5474162052631378, 0.6296955084323883, 0.5792962831497193, 0.5264037415742874, 0.5654798723697663, 0.5248206666946411, 0.5261323187828064, 0.5443746510982513, 0.5210834213018417, 0.5493478268146514, 0.4929385800600052, 0.531981007862091, 0.5324510971546174, 0.46779316885471345, 0.48748089849948884, 0.4879677977561951, 0.47030574400424957, 0.46649936192035674, 0.4664440072774887, 0.4564561961174011, 0.47140125555992124, 0.46202361316680907, 0.5246633119821549, 0.4546151049613953, 0.4754707258939743, 0.45070768830776214, 0.470271436214447, 0.42475003135204314, 0.4418227380990982, 0.4389941131353378, 0.46796231963634494, 0.4249540707111359, 0.41723626372814177, 0.40750582284927367, 0.4351164675474167, 0.4159121694087982, 0.3867422615289688, 0.41783015983104704, 0.3878244790554047, 0.41494539129734037, 0.3845348783493042, 0.40047451524734495, 0.4004753682613373, 0.35744205877780916, 0.39276613743305205, 0.36494881650209426, 0.3953488979816437, 0.38551700499057767, 0.3808459285378456], "val_categorical_accuracy": [0.3496, 0.5709, 0.6123, 0.5979, 0.6569, 0.687, 0.6663, 0.6965, 0.6995, 0.7401, 0.7613, 0.7534, 0.7487, 0.7649, 0.7614, 0.7682, 0.7807, 0.7866, 0.7764, 0.7909, 0.7941, 0.803, 0.7845, 0.7925, 0.8023, 0.7938, 0.7957, 0.8238, 0.7802, 0.8093, 0.8261, 0.8077, 0.8332, 0.8358, 0.8273, 0.826, 0.8182, 0.8401, 0.8349, 0.8169, 0.8498, 0.8348, 0.849, 0.8492, 0.8482, 0.8465, 0.8524, 0.8436, 0.8487, 0.8267, 0.8578, 0.8402, 0.8543, 0.8443, 0.8644, 0.8518, 0.8599, 0.8419, 0.8616, 0.8661, 0.8734, 0.8568, 0.8659, 0.8787, 0.8615, 0.8761, 0.8701, 0.8806, 0.8735, 0.8654, 0.8834, 0.8705, 0.8824, 0.8703, 0.8761, 0.8804], "loss": [2.2342915758490562, 1.7425351440906525, 1.436819637566805, 1.3893376886844635, 1.3183586411178112, 1.2271130211651324, 1.2025207445025443, 1.152078141272068, 1.0778701156377792, 1.059792398661375, 1.0537872195243836, 1.050844457000494, 0.9987407900393009, 0.9383953008800745, 0.949299904704094, 0.8965533997863531, 0.9144720628857612, 0.8695808988064527, 0.8726553060114384, 0.8723621074110269, 0.8559417393058538, 0.7925913013517857, 0.7613784145563841, 0.843869598209858, 0.803049161657691, 0.7828841365873813, 0.8187716241925955, 0.7976893685758114, 0.7486075256019831, 0.8050417907536029, 0.766602846980095, 0.7818987559527159, 0.7395591489970684, 0.7589429073035717, 0.7681564539670944, 0.7188955385237932, 0.756680415198207, 0.6978213462978602, 0.773569305986166, 0.7294306695461273, 0.7192625883966685, 0.7190776910632849, 0.7290636897087097, 0.688474926352501, 0.6776795018464327, 0.7109134335070848, 0.655908926576376, 0.6493993371725082, 0.6967778854072094, 0.6791278768330813, 0.7165553003549576, 0.685944602265954, 0.6603612974286079, 0.6575746320188045, 0.656236169487238, 0.6006132286041975, 0.6161602515727281, 0.6488456431776285, 0.6603378865867853, 0.6151959806680679, 0.6772341292351485, 0.5998239981010556, 0.6428853157907725, 0.6192939003929496, 0.6086764551699162, 0.6253150917589665, 0.6149997930973768, 0.6099061727523803, 0.5941283378750086, 0.5997613850980997, 0.5800211997702718, 0.5827399764209986, 0.5791088577359915, 0.5943507689982652, 0.6197539255023002, 0.6107912842184305], "categorical_accuracy": [0.16640625, 0.3828125, 0.483984375, 0.51328125, 0.5265625, 0.553125, 0.5671875, 0.605078125, 0.62265625, 0.61640625, 0.6453125, 0.63671875, 0.652734375, 0.679296875, 0.659765625, 0.694921875, 0.684765625, 0.70703125, 0.6921875, 0.697265625, 0.717578125, 0.728515625, 0.737109375, 0.70859375, 0.72421875, 0.731640625, 0.719921875, 0.7203125, 0.7484375, 0.711328125, 0.732421875, 0.72578125, 0.74140625, 0.744140625, 0.737109375, 0.751171875, 0.736328125, 0.753515625, 0.73515625, 0.7640625, 0.755078125, 0.741015625, 0.744921875, 0.763671875, 0.765234375, 0.765234375, 0.779296875, 0.771875, 0.763671875, 0.762109375, 0.756640625, 0.760546875, 0.771484375, 0.77890625, 0.7765625, 0.797265625, 0.7859375, 0.782421875, 0.780859375, 0.7828125, 0.771484375, 0.802734375, 0.785546875, 0.78984375, 0.778515625, 0.7859375, 0.79296875, 0.787890625, 0.793359375, 0.79453125, 0.80234375, 0.798828125, 0.803515625, 0.795703125, 0.796484375, 0.789453125]}