{"val_loss": [2.320367002105713, 2.254397902679443, 2.0797209537506105, 1.9560610605239868, 1.7421257568359374, 1.5265095155715942, 1.4995348052978517, 1.2957484384536744, 1.2873485458374023, 1.2225199388504029, 1.2618625688552856, 1.1665351610183716, 1.1291503988265992, 1.1270071634292602, 1.1598820866584778, 1.0690595439910888, 1.0819955806732178, 1.0785990259170533, 1.0207749453544617, 1.0772337873458862, 0.9791987766265869, 0.9918360049247742, 0.9961067811965942, 1.0460925664901732, 0.9800997819900513, 0.9647927904129028, 1.020748030090332, 0.9446734580039978, 0.9930375858306885, 0.9077434171676636, 0.8918755387306213, 0.9437978833198547, 0.8861160174369812, 0.8726735570907592, 0.8847740703582764, 0.9662090328216553, 0.849862968826294, 0.8708908822059631, 0.8567709753990174, 0.8874752954483032, 0.8829099599838257, 0.8797835843086242], "val_categorical_accuracy": [0.101, 0.137, 0.2758, 0.2547, 0.3723, 0.5003, 0.5025, 0.5516, 0.5811, 0.5861, 0.5703, 0.6108, 0.6258, 0.6037, 0.5952, 0.6489, 0.6376, 0.6521, 0.673, 0.6244, 0.6842, 0.6702, 0.6724, 0.6399, 0.6715, 0.6708, 0.6463, 0.6716, 0.6522, 0.6931, 0.6912, 0.6678, 0.7197, 0.7138, 0.6997, 0.6528, 0.7181, 0.7096, 0.7238, 0.6924, 0.6909, 0.693], "loss": [2.3069483280181884, 2.2797549843788145, 2.187070369720459, 2.019765090942383, 1.9119435012340547, 1.7794451057910918, 1.6722069919109344, 1.5490603744983673, 1.5188542902469635, 1.3568505644798279, 1.4345621824264527, 1.3997451066970825, 1.358169835805893, 1.326313430070877, 1.3380946695804596, 1.3932732343673706, 1.2760208904743195, 1.3724207043647767, 1.3159419566392898, 1.1810141980648041, 1.2577281802892686, 1.2670293986797332, 1.2679421484470368, 1.2532162845134736, 1.2530333399772644, 1.1911910772323608, 1.1721562266349792, 1.2623042941093445, 1.1727598279714584, 1.1489068269729614, 1.0860566318035125, 1.1356720209121705, 1.1486830443143845, 1.141035732626915, 1.106146577000618, 1.0460680574178696, 1.1791363447904586, 1.1392876267433167, 1.0963543355464935, 1.0583371281623841, 1.1529265254735948, 1.0623756617307663], "categorical_accuracy": [0.134375, 0.128125, 0.19375, 0.26875, 0.315625, 0.35, 0.41875, 0.4265625, 0.4578125, 0.4953125, 0.4890625, 0.496875, 0.5328125, 0.4921875, 0.5328125, 0.509375, 0.534375, 0.525, 0.546875, 0.5859375, 0.55625, 0.553125, 0.575, 0.5453125, 0.5453125, 0.56875, 0.5828125, 0.546875, 0.58125, 0.5796875, 0.6390625, 0.60625, 0.575, 0.584375, 0.6234375, 0.6328125, 0.609375, 0.6046875, 0.621875, 0.6453125, 0.609375, 0.6203125]}